<?xml version="1.0" encoding="UTF-8"?>
<themes>
  <theme name="broker-table" ref="-defaults">
    <param name="background"><image>none</image></param>
    <param name="border"><border>0,0,0,0</border></param>
    <param name="defaultGap"><dimension>4,5</dimension></param>
    <param name="smallGap"><dimension>8,8</dimension></param>
    <param name="mediumGap"><dimension>10,10</dimension></param>
    <param name="largeGap"><dimension>15,15</dimension></param>
    <param name="namedGaps"><map/></param>

    <theme name="label-info" ref="label">
      <param name="textAlignment"><enum type="alignment">CENTER</enum></param>
      <param name="border"><border>0</border></param>
    </theme>

    <theme name="button" ref="-defaults">
      <param name="minWidth"><int>100</int></param>
      <param name="width"><int>100</int></param>
      <param name="border"><border>5,0</border></param>
      <param name="textAlignment"><enum type="alignment">LEFT</enum></param>
    </theme>

    <!-- Sorting / Header columns -->
    <theme name="header-column" ref="label">
      <param name="background"><image>ui-header.background</image></param>
      <param name="textAlignment"><enum type="alignment">CENTER</enum></param>
      <param name="border"><border>6</border></param>
    </theme>
    <theme name="header-column-sort-default" ref="header-column">
      <param name="overlay"><image>ui-sort-default.background</image></param>
      <param name="background"><image>ui-header.background</image></param>
      <param name="textAlignment"><enum type="alignment">CENTER</enum></param>
    </theme>
    <theme name="header-column-sort-desc" ref="header-column">
      <param name="overlay"><image>ui-sort-desc.background</image></param>
      <param name="background"><image>ui-header.background</image></param>
      <param name="textAlignment"><enum type="alignment">CENTER</enum></param>
    </theme>
    <theme name="header-column-sort-asc" ref="header-column">
      <param name="overlay"><image>ui-sort-asc.background</image></param>
      <param name="background"><image>ui-header.background</image></param>
      <param name="textAlignment"><enum type="alignment">CENTER</enum></param>
    </theme>
    
    <!-- Cells -->
    <theme name="cell" ref="label">
      <param name="background"><image>ui-inputbox.background</image></param>
      <param name="textAlignment"><enum type="alignment">LEFT</enum></param>
      <param name="border"><border>5</border></param>
    </theme>
    <theme name="cell-markup" ref="label">
      <param name="font"><font>alphabeta-markup</font></param>
      <param name="background"><image>ui-inputbox.background</image></param>
      <param name="textAlignment"><enum type="alignment">CENTER</enum></param>
    </theme>
    <theme name="cell-warn" ref="label">
      <param name="font"><font>pb-dark-yellow</font></param>
      <param name="background"><image>ui-inputbox.background</image></param>
      <param name="textAlignment"><enum type="alignment">LEFT</enum></param>
      <param name="border"><border>5</border></param>
      <param name="minWidth"><int>96</int></param>
    </theme>
    <theme name="cell-danger" ref="label">
      <param name="font"><font>pb-dark-red</font></param>
      <param name="background"><image>ui-inputbox.background</image></param>
      <param name="textAlignment"><enum type="alignment">LEFT</enum></param>
      <param name="border"><border>5</border></param>
      <param name="minWidth"><int>96</int></param>
    </theme>
    <theme name="cell-button" ref="cell">
      <param name="background"><image>ui-button.background</image></param>
      <param name="textAlignment"><enum type="alignment">CENTER</enum></param>
    </theme>
    <theme name="cell-button-addon" ref="cell-button">
      <param name="textAlignment"><enum type="alignment">LEFT</enum></param>
    </theme>
    <theme name="cell-icon" ref="label">
      <param name="background"><image>ui-inputbox.background</image></param>
      <param name="textAlignment"><enum type="alignment">CENTER</enum></param>
      <param name="border"><border>0</border></param>
      <param name="minWidth"><int>24</int></param>
    </theme>
    <!-- special cells -->
    <theme name="button-monster" ref="button">
      <param name="background"><image>ui-inputbox.background</image></param>
      <param name="border"><border>2,0</border></param>
      <param name="minWidth"><int>0</int></param>
      <param name="minHeight"><int>0</int></param>
    </theme>
    <theme name="button-species" ref="button">
      <param name=""><image>ui-button.*</image></param>
      <param name="border"><border>8,2</border></param>
    </theme>

    <theme name="editfield" ref="editfield">
      <param name="textAlignment"><enum type="alignment">RIGHT</enum></param>
      <param name="autocompletion-height"><int>150</int></param>
    </theme>
    <theme name="editfield-red" ref="editfield">
      <param name="font"><font>pb-dark-red</font></param>
    </theme>
    <theme name="valueadjuster" ref="valueadjuster" allowWildcard="true">
      <param name="width"><int>92</int></param>
    </theme>
  </theme>

  <theme name="advanced-search-dialog" ref="dialoglayout">
    <param name="border"><border>5,0,0,10</border></param>

    <!-- adv search -->
    <theme name="label-button-small2-centered" ref="button">
      <param name="background"><image>ui-button.background</image></param>
      <param name="border"><border>6</border></param>
      <param name="minWidth"><int>96</int></param>
      <param name="textAlignment"><enum type="alignment">CENTER</enum></param>
    </theme>
    <theme name="label-title-medium2" ref="label">
      <param name="background"><image>ui-header.background</image></param>
      <param name="textAlignment"><enum type="alignment">CENTER</enum></param>
      <param name="border"><border>6</border></param>
      <param name="minWidth"><int>228</int></param>
    </theme>
    <theme name="valueadjuster" ref="valueadjuster">
      <param name="minWidth"><int>184</int></param>
    </theme>
    <theme name="combobox" ref="combobox">
      <param name="minWidth"><int>184</int></param>
    </theme>
    <theme name="editfield" ref="editfield">
      <param name="maxWidth"><int>184</int></param>
    </theme>
  </theme>

	<theme name="broker-window" ref="base-tabbed-frame">
		<param name="fadeDurationShow"><int>200</int></param>
		<param name="fadeDurationHide"><int>200</int></param>
    <param name="minWidth"><int>900</int></param>
    <param name="minHeight"><int>605</int></param>
    <param name="border"><border>30,10,5,10</border></param>
			<theme name="tabbedpane" ref="base-tabbed-pane">
				<theme name="tabbox" ref="tabbox">
					<theme name="tabbutton" ref="tabbutton">
						<param name="background"><image>ui-tab-shop.background</image></param>
					</theme>
				</theme>
				<theme name="container" ref="container">
          <param name="background"><image>ui-inner-frame-tab3.background</image></param>
          <param name="border"><border>0,10,10,5</border></param>
          <param name="namedGaps"><map/></param>
          <theme name="label" ref="label" allowWildcard="true">
            <param name="border"><border>10,10,0,0</border></param>
            <param name="background"><image>none</image></param>
          </theme>
          <theme name="dialoglayout" ref="dialoglayout">
            <theme name="label-info" ref="label">
              <param name="background"><image>ui-inputbox.background</image></param>
              <param name="textAlignment"><enum type="alignment">CENTER</enum></param>
              <param name="border"><border>6</border></param>
              <param name="minWidth"><int>300</int></param>
              <param name="minHeight"><int>100</int></param>
            </theme>
          </theme>
				</theme>
				<param name="inputMap"><inputMapDef>
					<action name="nextTab">CTRL TAB</action>
					<action name="prevTab">CTRL SHIFT TAB</action>
				</inputMapDef></param>
			</theme>
		</theme>
</themes>
