<?xml version="1.0" encoding="UTF-8"?>
<themes>
	<theme name="chat-monster-info" ref="button" allowWildcard="true">
		<param name="background"><image>none</image></param>
		<param name="font"><font>alphabeta-blue</font></param>
		<param name="textAlignment"><enum type="alignment">CENTER</enum></param>
		<param name="border"><border>0,0,0,0</border></param>
	</theme>

	<theme name="chat-monster-info-shiny" ref="chat-monster-info" allowWildcard="true">
		<param name="font"><font>alphabeta-battle</font></param>
		<param name="textAlignment"><enum type="alignment">CENTER</enum></param>
	</theme>

	<theme name="chatresizableframe" ref="-defaults" allowWildcard="true">
		<param name="border"><border>5</border></param>
		<param name="titleAreaTop"><int>8</int></param>
		<param name="titleAreaLeft"><int>8</int></param>
		<param name="titleAreaRight"><int>-8</int></param>
		<param name="titleAreaBottom"><int>40</int></param>
		<param name="hasCloseButton"><bool>false</bool></param>
		<param name="closeButtonX"><int>22</int></param>
		<param name="closeButtonY"><int>6</int></param>
		<param name="hasResizeHandle"><bool>false</bool></param>
		<param name="resizeHandleX"><int>0</int></param>
		<param name="resizeHandleY"><int>0</int></param>
		<param name="fadeColorInactive"><color>#64FFFFFF</color></param>
		<param name="fadeDurationActivate"><int>150</int></param>
		<param name="fadeDurationDeactivate"><int>150</int></param>
		<param name="fadeDurationShow"><int>0</int></param>
		<param name="fadeDurationHide"><int>0</int></param>
		<param name="mouseCursor"><cursor>mouseCursor.*</cursor></param>
		<theme name="title" ref="-defaults">
			<param name="textAlignment"><enum type="alignment">left</enum></param>
			<param name="font"><font>alphabeta</font></param>
		</theme>
		<theme name="closeButton" ref="-defaults"/>
		<theme name="resizeHandle" ref="-defaults"/>
	</theme>

	<theme name="chatframe" ref="chatresizableframe">
		<param name="border"><border>5,5,2,5</border></param>
		<theme name="content" ref="-dialog">
			<theme name="scrollpane" ref="scrollpane">
				<param name="background"><image>chat.content.background</image></param>
				<theme name="vscrollbar" ref="vscrollbar-white"/>
				<param name="border"><border>0</border></param>
				<theme name="textarea" ref="-defaults">
					<param name="fonts"><map>
						<param name="default"><font>alphabeta</font></param>
						<param name="color0"><font>alphabeta-green</font></param>
						<param name="color1"><font>alphabeta</font></param>
						<param name="color2"><font>alphabeta</font></param>
						<param name="link"><font>alphabeta-link</font></param>
						<param name="normal"><font>alphabeta</font></param>
						<param name="shout"><font>alphabeta-orange</font></param>
						<param name="whisper"><font>alphabeta-lightgreen</font></param>
						<param name="trade"><font>alphabeta-purple</font></param>
						<param name="global"><font>alphabeta-teal</font></param>
						<param name="channel"><font>alphabeta-yellow</font></param>
						<param name="team"><font>alphabeta-brown</font></param>
						<param name="system"><font>alphabeta-blue</font></param>
						<param name="battle"><font>alphabeta-battle</font></param>
					</map></param>
					<param name="classes"><map/></param>
					<param name="images"><map>
						<param name="icon-gm"><image>icon-gm</image></param>
						<param name="icon-cm"><image>icon-cm</image></param>
						<param name="icon-hgm"><image>icon-hgm</image></param>
						<param name="icon-dev"><image>icon-dev</image></param>
						<param name="icon-sgm"><image>icon-sgm</image></param>
						<param name="icon-jgm"><image>icon-jgm</image></param>
						<param name="icon-mod"><image>icon-mod</image></param>
						<param name="icon-adm"><image>icon-admin</image></param>
            <param name="icon-sm"><image>icon-sm</image></param>
            <param name="icon-gd"><image>icon-gd</image></param>
						<param name="icon-friend"><image>icon7</image></param>
					</map></param>
				</theme>
			</theme>
			<theme name="top" ref="-dialog">
				<param name="border"><border>0,3,3,3</border></param>
				<param name="background"><image>chat.top.background</image></param>
				<!-- Used for chat tabs -->
				<theme name="togglebutton-normal" ref="button" allowWildcard="true">
					<param name=""><image>chat-button.*</image></param>
					<param name="border"><border>5</border></param>
					<param name="font"><font>alphabeta</font></param>
					<param name="fadeColorInactive"><color>#11FFFFFF</color></param>
				</theme>
				<theme name="togglebutton-settings" ref="button" allowWildcard="true">
					<param name=""><image>chat-button.*</image></param>
					<param name="border"><border>5</border></param>
					<param name="font"><font>alphabeta</font></param>
					<param name="fadeColorInactive"><color>#11FFFFFF</color></param>
				</theme>
				<theme name="togglebutton-notification" ref="button" allowWildcard="true">
					<param name=""><image>chat-button.*</image></param>
					<param name="border"><border>5</border></param>
					<param name="font"><font>alphabeta</font></param>
					<param name="fadeColorInactive"><color>#11FFFFFF</color></param>
				</theme>
				<theme name="togglebutton-normal" ref="button" allowWildcard="true">
					<param name=""><image>chat-button.*</image></param>
					<param name="border"><border>5</border></param>
					<param name="font"><font>alphabeta</font></param>
					<param name="fadeColorInactive"><color>#11FFFFFF</color></param>
				</theme>
				<!-- lock icon -->
				<theme name="spritetogglebutton" ref="button" allowWildcard="true">
					<param name="background"><image>none</image></param>
					<param name="border"><border>0</border></param>
					<param name="maxWidth"><int>24</int></param>
					<param name="maxHeight"><int>24</int></param>
				</theme>
				<theme name="hideButton" ref="button" allowWildcard="true">
					<param name=""><image>chaticon.*</image></param>
					<param name="border"><border>0</border></param>
					<param name="maxWidth"><int>24</int></param>
					<param name="maxHeight"><int>24</int></param>
				</theme>
			</theme>

			<theme name="hideButton" ref="button" allowWildcard="true">
				<param name=""><image>chaticon.*</image></param>
				<param name="border"><border>0</border></param>
				<param name="maxWidth"><int>24</int></param>
				<param name="maxHeight"><int>24</int></param>
			</theme>

			<theme name="bottom" ref="-dialog">
				<param name="background"><image>chat.bottom.background</image></param>
				<param name="border"><border>0,5,5,0</border></param>
				<!-- send button -->
				<theme name="button" ref="button" allowWildcard="true">
					<param name="border"><border>7,6</border></param>
					<param name="background"><image>input-black.background</image></param>
					<param name="font"><font>alphabeta</font></param>
					<param name="textAlignment"><enum type="alignment">RIGHT</enum></param>
				</theme>
				<theme name="button-link" ref="button" allowWildcard="true"/>


				<theme name="editfield" ref="editfield">
					<param name="background"><image>input-black.background</image></param>
					<param name="border"><border>5</border></param>
					<param name="columns"><int>1</int></param>
					<theme name="renderer" ref="-input">
						<param name="font"><font>alphabeta</font></param>
						<param name="textAlignment"><enum type="alignment">LEFT</enum></param>
					</theme>
				</theme>
				<theme name="chat-type-button" ref="button" allowWildcard="true">
					<param name="border"><border>5,3,5,5</border></param>
				</theme>
			</theme>
		</theme>
	</theme>

	<theme name="chat-playername" ref="button" allowWildcard="true">
		<param name="border"><border>0,0,0,0</border></param>
		<param name="background"><image>none</image></param>
		<param name="font"><font>alphabeta</font></param>
		<param name="textAlignment"><enum type="alignment">CENTER</enum></param>
	</theme>

	<theme name="chatframe-locked" ref="chatframe">
		<param name="fadeColorInactive"><color>white</color></param>
		<param name="fadeDurationActivate"><int>0</int></param>
		<param name="fadeDurationDeactivate"><int>0</int></param>
	</theme>

	<theme name="chatframe-hidden" ref="-defaults">
		<param name="background"><image>chaticon.default</image></param>
		<param name="minWidth"><int>24</int></param>
		<param name="minHeight"><int>24</int></param>
	</theme>

	<!-- Chat Tab Settings -->
	<theme name="chat-tab-settings" ref="base-frame">
		<param name="background"><image>ui-inner-frame-tab.background</image></param>
		<param name="border"><border>10,5</border></param>
		<param name="minWidth"><int>580</int></param>
		<param name="minHeight"><int>420</int></param>
		<param name="maxWidth"><int>580</int></param>
		<param name="maxHeight"><int>420</int></param>
		<theme name="dialoglayout" ref="dialoglayout">
			<param name="background"><image>none</image></param>
			<param name="defaultGap"><dimension>5,5</dimension></param>
			<param name="smallGap"><dimension>8,8</dimension></param>
			<param name="mediumGap"><dimension>10,10</dimension></param>
			<param name="largeGap"><dimension>15,15</dimension></param>
			<param name="namedGaps"><map/></param>
			<theme name="tabbedpane" ref="base-tabbed-pane">
				<param name="tabPosition"><enum type="tabposition">LEFT</enum></param>
				<param name="minWidth"><int>230</int></param>
				<param name="background"><image>none</image></param>
				<theme name="tabbox" ref="tabbox">
					<param name="border"><border>0,18,0,0</border></param>
					<theme name="tabbutton" ref="togglebutton">
						<param name="border"><border>5,0,5,10</border></param>
						<param name=""><image>ui-tab-vertical.*</image></param>
						<param name="font"><font>pb-tab</font></param>
						<param name="textAlignment"><enum type="alignment">LEFT</enum></param>
					</theme>
					<param name="spacing"><int>5</int></param>
					<param name="alignment"><enum type="alignment">FILL</enum></param>
				</theme>
				<theme name="scrollControls" ref="scrollControls">
					<param name="border"><border>10,0,10,0</border></param>
					<param name="defaultGap"><dimension>5,5</dimension></param>
					<param name="smallGap"><dimension>8,8</dimension></param>
					<param name="mediumGap"><dimension>10,10</dimension></param>
					<param name="largeGap"><dimension>15,15</dimension></param>
					<param name="namedGaps"><map>
						<param name="scrollButtons"><gap>2</gap></param>
					</map></param>
					<theme name="scrollLeft" ref="button">
						<param name="text"><string>&#xe2191;</string></param>
					</theme>
					<theme name="scrollRight" ref="button">
						<param name="text"><string>&#xe2193;</string></param>
					</theme>
				</theme>
				<theme name="container" ref="container">
					<param name="background"><image>none</image></param>
					<param name="border"><border>0,0,5,15</border></param>
					<theme name="dialoglayout" ref="dialoglayout">
						<param name="background"><image>none</image></param>
						<param name="defaultGap"><dimension>5,5</dimension></param>
						<param name="smallGap"><dimension>8,8</dimension></param>
						<param name="mediumGap"><dimension>10,10</dimension></param>
						<param name="largeGap"><dimension>15,15</dimension></param>
						<param name="namedGaps"><map/></param>
					</theme>
				</theme>
				<param name="inputMap"><inputMapDef>
					<action name="nextTab">CTRL TAB</action>
					<action name="prevTab">CTRL SHIFT TAB</action>
				</inputMapDef></param>
			</theme>
		</theme>
	</theme>

	<theme name="chat-settings-area" ref="-defaults">
		<param name="defaultGap"><dimension>5,5</dimension></param>
		<param name="smallGap"><dimension>8,8</dimension></param>
		<param name="mediumGap"><dimension>10,10</dimension></param>
		<param name="largeGap"><dimension>15,15</dimension></param>
		<param name="namedGaps"><map/></param>
		<theme name="dialoglayout" ref="-defaults">
			<param name="background"><image>none</image></param>
			<param name="minWidth"><int>500</int></param>
			<param name="border"><border>3,5</border></param>
			<param name="defaultGap"><dimension>5,5</dimension></param>
			<param name="smallGap"><dimension>8,8</dimension></param>
			<param name="mediumGap"><dimension>10,10</dimension></param>
			<param name="largeGap"><dimension>15,15</dimension></param>
			<param name="namedGaps"><map/></param>
		</theme>
	</theme>

	<theme name="label-chat-settings-transparency" ref="label" allowWildcard="true">
		<param name="background"><image>ui-header.background</image></param>
		<param name="border"><border>5,7,5,5</border></param>
		<param name="minWidth"><int>220</int></param>
		<param name="minHeight"><int>30</int></param>
	</theme>

	<theme name="label-chat-settings-title" ref="label" allowWildcard="true">
		<param name="background"><image>ui-header.background</image></param>
		<param name="border"><border>0,7,0,0</border></param>
		<param name="minWidth"><int>170</int></param>
	</theme>

	<theme name="label-chat-settings-special" ref="label" allowWildcard="true">
		<param name="background"><image>ui-header.background</image></param>
		<param name="border"><border>5,7,5,5</border></param>
		<param name="minWidth"><int>170</int></param>
	</theme>

	<theme name="label-chat-settings-button" ref="label" allowWildcard="true">
		<param name="background"><image>none</image></param>
		<param name="textAlignment"><enum type="alignment">left</enum></param>
		<param name="border"><border>1,5,0,9</border></param>
		<param name="minWidth"><int>52</int></param>
		<param name="font"><font>pb-dark</font></param>
	</theme>

	<!-- Private Message Frame -->
	<theme name="pm-box-frame" ref="base-frame">
		<param name="minWidth"><int>380</int></param>
		<theme name="dialoglayout" ref="-defaults">
			<param name="border"><border>38,5,5,5</border></param>
			<param name="defaultGap"><dimension>5,5</dimension></param>
			<param name="smallGap"><dimension>8,8</dimension></param>
			<param name="mediumGap"><dimension>10,10</dimension></param>
			<param name="largeGap"><dimension>15,15</dimension></param>
			<param name="namedGaps"><map/></param>
			<theme name="label" ref="label">
				<param name="font"><font>pb-dark</font></param>
				<param name="background"><image>label2.background</image></param>
				<param name="border"><border>5</border></param>
				<param name="minHeight"><int>30</int></param>
				<param name="minWidth"><int>350</int></param>
			</theme>
			<theme name="button" ref="button">
				<param name="minWidth"><int>32</int></param>
				<param name="minHeight"><int>30</int></param>
			</theme>
			<theme name="text-scrollpane">
				<param name="background"><image>none</image></param>
				<param name="overlay"><image>none</image></param>
				<theme name="hscrollbar" ref="hscrollbar"/>  <!-- not used -->
				<theme name="vscrollbar" ref="vscrollbar-white"/>
				<param name="border"><border>5</border></param>

				<param name="minWidth"><int>0</int></param>
				<param name="maxWidth"><int>32767</int></param>
				<param name="maxHeight"><int>32767</int></param>
				<param name="hasDragButton"><bool>false</bool></param>
				<param name="autoScrollArea"><int>5</int></param>
				<param name="autoScrollSpeed"><int>10</int></param>
				<param name="minHeight"><int>170</int></param>
				<theme name="editfield" ref="-defaults" allowWildcard="true">
					<param name="font"><font>alphabeta</font></param>
					<param name="background"><image>editfield.background</image></param>
					<param name="selection"><image>editfield.selection</image></param>
					<param name="border"><border>3</border></param>
					<param name="passwordChar"><int>35</int></param>
					<param name="maxWidth"><int>32767</int></param>
					<param name="columns"><int>63</int></param>
					<param name="cursor"><image>-editfield.cursor</image></param>
					<param name="mouseCursor"><cursor>cursor.text</cursor></param>
					<theme name="renderer" ref="-input"/>
					<param name="autocompletion-height"><int>250</int></param>
					<param name="minWidth"><int>340</int></param>
				</theme>
				<theme name="textarea" ref="-defaults">
						<param name="minWidth"><int>344</int></param>
						<param name="maxWidth"><int>344</int></param>
						<param name="minHeight"><int>100</int></param>
						<param name="fonts"><map>
							<param name="default"><font>pb-dark</font></param>
							<param name="chatdefault"><font>pb-dark</font></param>
							<param name="orange"><font>pb-dark-orange</font></param>
							<param name="link"><font>alphabeta-blue</font></param>
						</map></param>
						<param name="classes"><map/></param>
						<param name="images">
						<map>
							<param name="player"><image>ui-header.background</image></param>
							<param name="admin"><image>ui-header-alt.background</image></param>
							<param name="system"><image>label3.background</image></param>
						</map>
						</param>
					</theme>
			</theme>
		</theme>
	</theme>
</themes>
