<?xml version="1.0" encoding="UTF-8"?>
<themes>
	<!-- instance window -->
	<theme name="instance-window" ref="base-frame">
		<param name="fadeDurationShow"><int>200</int></param>
		<param name="fadeDurationHide"><int>200</int></param><param name="border"><border>0,0,8,8</border></param>
		<theme name="dialoglayout" ref="dialoglayout">
			<theme name="roster">
				<param name="background"><image>none</image></param>
				<param name="overlay"><image>none</image></param>
				<theme name="hscrollbar" ref="hscrollbar"/>  <!-- not used -->
				<theme name="vscrollbar" ref="vscrollbar-white"/>
				<param name="border"><border>0</border></param>
				<param name="minWidth"><int>100</int></param>
				<param name="minHeight"><int>100</int></param>
				<param name="maxWidth"><int>32767</int></param>
				<param name="maxHeight"><int>32767</int></param>
				<param name="hasDragButton"><bool>false</bool></param>
				<param name="autoScrollArea"><int>5</int></param>
				<param name="autoScrollSpeed"><int>10</int></param>
				<theme name="dialoglayout" ref="-defaults">
					<param name="background"><image>none</image></param>
					<param name="border"><border>0,0,0,8</border></param>
					<param name="defaultGap"><dimension>4,5</dimension></param>
					<param name="smallGap"><dimension>8,8</dimension></param>
					<param name="mediumGap"><dimension>10,10</dimension></param>
					<param name="largeGap"><dimension>15,15</dimension></param>
					<param name="namedGaps"><map/></param>
					<param name="minWidth"><int>300</int></param>
					<param name="maxWidth"><int>300</int></param>
					<theme name="button" ref="-defaults" allowWildcard="true">
						<param name="minWidth"><int>100</int></param>
						<param name="width"><int>100</int></param>
						<param name="border"><border>5,0</border></param>
						<param name="textAlignment"><enum type="alignment">LEFT</enum></param>
					</theme>
					<!-- Value -->
					<theme name="label-value-small" ref="label" allowWildcard="true">
						<param name="background"><image>ui-inputbox.background</image></param>
						<param name="textAlignment"><enum type="alignment">left</enum></param>
						<param name="border"><border>6</border></param>
						<param name="minWidth"><int>160</int></param>
					</theme>
					<theme name="label-value-small2" ref="label" allowWildcard="true">
						<param name="background"><image>ui-inputbox.background</image></param>
						<param name="textAlignment"><enum type="alignment">left</enum></param>
						<param name="border"><border>6</border></param>
						<param name="minWidth"><int>88</int></param>
					</theme>
					<theme name="label-value-smallest" ref="label" allowWildcard="true">
						<param name="background"><image>ui-inputbox.background</image></param>
						<param name="textAlignment"><enum type="alignment">center</enum></param>
						<param name="border"><border>1</border></param>
						<param name="minWidth"><int>60</int></param>
					</theme>
					<theme name="label-value-icon" ref="label" allowWildcard="true">
						<param name="background"><image>none</image></param>
						<param name="textAlignment"><enum type="alignment">center</enum></param>
						<param name="border"><border>1</border></param>
						<param name="minWidth"><int>60</int></param>
					</theme>
					<!-- Titles -->
					<theme name="label-title-small" ref="label-value-small" allowWildcard="true">
						<param name="background"><image>ui-header.background</image></param>
					</theme>
					<theme name="label-title-small2" ref="label-value-small2" allowWildcard="true">
						<param name="background"><image>ui-header.background</image></param>
					</theme>
					<theme name="label-title-smallest" ref="label-value-smallest" allowWildcard="true">
						<param name="background"><image>ui-header.background</image></param>
					</theme>
				</theme>
				<param name="inputMap"><inputMapDef>
					<action name="nextTab">CTRL TAB</action>
					<action name="prevTab">CTRL SHIFT TAB</action>
				</inputMapDef></param>
			</theme>
		</theme>
	</theme>

	<theme name="instance-table" ref="table" allowWildcard="true">
		<param name="border"><border>0,10,0,0</border></param>
		<param name="columnWidths">
			<map>
				<param name="1"><int>font.EM * 8</int></param>

			</map>
		</param>
		<theme name="box-layout-row" ref="-defaults" allowWildcard="true">
			<param name="background"><image>ui-table-row.background</image></param>
			<param name="border"><border>0</border></param>
			<param name="spacing"><int>30</int></param>
			<param name="alignment"><enum type="alignment">CENTER</enum></param>
			<theme name="label" ref="label">
				<param name="border"><border>0,0</border></param>
			</theme>
		</theme>
	</theme>
</themes>
