<?xml version="1.0" encoding="UTF-8"?>
<themes>
	<!-- Inventory -->
	<theme name="inventory-tabbedframe" ref="resizableframe">
		<param name="background"><image>ui-inner-frame-tab2.background</image></param>
		<param name="titleAreaTop"><int>33</int></param>
		<param name="titleAreaLeft"><int>11</int></param>
		<param name="titleAreaRight"><int>-1</int></param>
		<param name="titleAreaBottom"><int>75</int></param>
		<param name="closeButtonX"><int>-24</int></param>
		<param name="closeButtonY"><int>50</int></param>

		<param name="fadeColorInactive"><color>#FFFFFFFF</color></param>
		<param name="fadeDurationActivate"><int>200</int></param>
		<param name="fadeDurationDeactivate"><int>200</int></param>
		<param name="fadeDurationShow"><int>200</int></param>
		<param name="fadeDurationHide"><int>200</int></param>
		<param name="border"><border>10,0,0,0</border></param>
		<theme name="dialoglayout" ref="-defaults">
			<param name="border"><border>0,0,0,0</border></param>
			<param name="defaultGap"><dimension>0,0</dimension></param>
			<param name="smallGap"><dimension>8,8</dimension></param>
			<param name="mediumGap"><dimension>10,10</dimension></param>
			<param name="largeGap"><dimension>15,15</dimension></param>
			<param name="namedGaps"><map/></param>
			<theme name="tabbedpane" ref="-defaults">
              <param name="minWidth">
                <int>530</int>
              </param>
              <param name="minHeight">
                <int>378</int>
              </param>

              <param name="border">
                <border>0,0,0,0</border>
              </param>
              <theme name="tabbox" ref="-defaults">
                <theme name="tabbutton" ref="togglebutton">
                  <param name="background">
                    <image>none</image>
                  </param>
                </theme>
                <param name="border">
                  <border>0,0,15,0</border>
                </param>
                <param name="spacing">
                  <int>0</int>
                </param>
                <param name="alignment">
                  <enum type="alignment">FILL</enum>
                </param>
              </theme>
				<theme name="container" ref="-defaults">
					<param name="border"><border>20,0,0,0</border></param>
					<param name="background"><image>none</image></param>
					<theme name="dialoglayout" ref="-defaults">
						<theme name="scrollpane" ref="scrollpane" allowWildcard="true">
							<theme name="vscrollbar" ref="vscrollbar-white"/>
							<theme name="dialoglayout" ref="-dialog">
								<param name="border"><border>0</border></param>
							</theme>
						</theme>
						<param name="defaultGap"><dimension>5,5</dimension></param>
						<param name="smallGap"><dimension>8,8</dimension></param>
						<param name="mediumGap"><dimension>10,10</dimension></param>
						<param name="largeGap"><dimension>5,5</dimension></param>
						<param name="namedGaps"><map/></param>
					</theme>
				</theme>
				<param name="inputMap"><inputMapDef>
					<action name="nextTab">CTRL TAB</action>
					<action name="prevTab">CTRL SHIFT TAB</action>
				</inputMapDef></param>
			</theme>
		</theme>
	</theme>

	<!-- Inventory Tab Button -->
	<theme name="inventory-tab-empty" ref="-defaults" allowWildcard="true">
		 <param name="background"><image>ui-tab-color.background</image></param>
		 <param name="border"><border>26,0</border></param>
	</theme>

	<!-- Item Slot -->
	<theme name="inventory-button" ref="-defaults" allowWildcard="true">
		<param name="background"><image>ui-inputbox-mixed.background</image></param>
		<param name="font"><font>pb-dark</font></param>
		<param name="border"><border>1,1,1,0</border></param>
		<param name="textAlignment"><enum type="alignment">BOTTOM</enum></param>
	</theme>

	<theme name="item-move-dialog-button" ref="-defaults" allowWildcard="true">
		<param name="font"><font>mechabold</font></param>
		<param name="font2"><font>pb-dark</font></param>
		<param name="border"><border>11,11,14,0</border></param>
		<param name=""><image>button.*</image></param>
		<param name="textAlignment"><enum type="alignment">TOPLEFT</enum></param>
		<param name="textAlignment2"><enum type="alignment">BOTTOMLEFT</enum></param>
		<param name="minWidth"><int>210</int></param>
		<param name="minHeight"><int>41</int></param>
	</theme>

	<theme name="item-use-dialog-button" ref="-defaults" allowWildcard="true">
		<param name="font"><font>mechabold</font></param>
		<param name="font2"><font>pb-dark</font></param>
		<param name="border"><border>12,15,15,15</border></param>
		<param name=""><image>ui-button.*</image></param>
		<param name="textAlignment"><enum type="alignment">TOP</enum></param>
		<param name="textAlignment2"><enum type="alignment">BOTTOM</enum></param>
		<param name="minWidth"><int>210</int></param>
		<param name="minHeight"><int>50</int></param>
	</theme>

	<!-- TM Slot -->
	<theme name="tm-button" ref="-defaults" allowWildcard="true">
		<param name="background"><image>ui-button.background</image></param>
		<param name="border"><border>5,0,8,0</border></param>
		<param name="font"><font>pb-dark</font></param>
		<param name="minWidth"><int>196</int></param>
		<param name="maxWidth"><int>196</int></param>
		<param name="minHeight"><int>36</int></param>
		<param name="maxHeight"><int>36</int></param>
		<param name="textAlignment"><enum type="alignment">CENTER</enum></param>
	</theme>

	<theme name="hotkeybar" ref="resizableframe">
		<param name="background"><image>none</image></param>
		<param name="titleAreaTop"><int>0</int></param>
		<param name="titleAreaLeft"><int>0</int></param>
		<param name="titleAreaRight"><int>0</int></param>
		<param name="titleAreaBottom"><int>0</int></param>
		<param name="hasCloseButton"><bool>false</bool></param>
		<param name="closeButtonX"><int>0</int></param>
		<param name="closeButtonY"><int>0</int></param>
		<param name="hasResizeHandle"><bool>false</bool></param>
		<param name="resizeHandleX"><int>0</int></param>
		<param name="resizeHandleY"><int>0</int></param>
		<param name="fadeColorInactive"><color>#FFFFFFFF</color></param>
		<param name="fadeDurationActivate"><int>150</int></param>
		<param name="fadeDurationDeactivate"><int>150</int></param>
		<param name="fadeDurationShow"><int>0</int></param>
		<param name="fadeDurationHide"><int>0</int></param>
		<param name="mouseCursor"><cursor>mouseCursor.*</cursor></param>
		<theme name="title" ref="-defaults">
			<param name="textAlignment"><enum type="alignment">left</enum></param>
			<param name="font"><font>alphabeta</font></param>
		</theme>
		<theme name="closeButton" ref="-defaults"/>
		<theme name="resizeHandle" ref="-defaults"/>
		<param name="border"><border>0,0,0,0</border></param>
		<theme name="content" ref="-defaults">
			<param name="defaultGap"><dimension>5,5</dimension></param>
			<param name="border"><border>5</border></param>
			<param name="smallGap"><dimension>8,8</dimension></param>
			<param name="mediumGap"><dimension>10,10</dimension></param>
			<param name="largeGap"><dimension>15,15</dimension></param>
			<param name="namedGaps"><map/></param>

			<theme name="item-slot" ref="-defaults">
				<param name="background"><image>ui-button.background</image></param>
				<param name="border"><border>5,5,14,5</border></param>
				<param name="font"><font>pb-dark</font></param>
				<param name="font2"><font>noto-8pt</font></param>
				<param name="minWidth"><int>42</int></param>
				<param name="minHeight"><int>42</int></param>
				<param name="textAlignment"><enum type="alignment">TOPLEFT</enum></param>
				<param name="textAlignment2"><enum type="alignment">BOTTOMRIGHT</enum></param>
			</theme>
		</theme>
	</theme>
	<theme name="hotkeybar-frame-visible" ref="hotkeybar">
		<param name="background"><image>frame-alpha.background</image></param>	
	</theme>
</themes>
