<?xml version="1.0" encoding="UTF-8"?>
<themes>
	<!-- left side shop area -->
	<theme name="label-area-market" ref="-defaults">
		<param name="background"><image>ui-inner-frame.background</image></param>
		<param name="border"><border>15</border></param>
		<param name="defaultGap"><dimension>5,5</dimension></param>
		<param name="smallGap"><dimension>8,8</dimension></param>
		<param name="mediumGap"><dimension>10,10</dimension></param>
		<param name="largeGap"><dimension>15,15</dimension></param>
		<param name="namedGaps"><map/></param>
		<param name="minWidth"><int>240</int></param>
		<param name="minHeight"><int>120</int></param>
		<param name="maxWidth"><int>240</int></param>
		<param name="maxHeight"><int>120</int></param>
		<theme name="label" ref="label" allowWildcard="true">
			<param name="font"><font>pb-dark</font></param>
		</theme>
		<theme name="scrollpane" ref="scrollpane">
			<theme name="label" ref="label" allowWildcard="true">
				<param name="font"><font>pb-dark</font></param>
			</theme>
		</theme>
	</theme>
	
	<theme name="gc-shop" ref="base-frame-padded" allowWildcard="true">	
		<theme name="dialoglayout" ref="-defaults">
			<param name="border"><border>0</border></param>
			<param name="defaultGap"><dimension>5,5</dimension></param>
			<param name="smallGap"><dimension>8,8</dimension></param>
			<param name="mediumGap"><dimension>10,10</dimension></param>
			<param name="largeGap"><dimension>15,15</dimension></param>
			<param name="namedGaps"><map/></param>
			<theme name="scrollpane" ref="scrollpane" allowWildcard="true">
				<param name="border"><border>10,10,10,10</border></param>
				<param name="maxWidth"><int>140</int></param>
			</theme>
		</theme>
	</theme>
	
	<theme name="market-button" ref="button" allowWildcard="true">
		<param name="border"><border>7,0</border></param>
		<param name="textAlignment"><enum type="alignment">LEFT</enum></param>
	</theme>
	
	<theme name="itemshop" ref="base-tabbed-frame">
		<theme name="itemshop-dialoglayout-left" ref="-defaults">
			<param name="background"><image>ui-inner-frame-inverted.background</image></param>
			<param name="border"><border>10,9,8,5</border></param>
			<param name="defaultGap"><dimension>5,5</dimension></param>
			<param name="smallGap"><dimension>8,8</dimension></param>
			<param name="mediumGap"><dimension>10,10</dimension></param>
			<param name="largeGap"><dimension>15,15</dimension></param>
			<param name="namedGaps"><map/></param>
		</theme>
		<theme name="dialoglayout" ref="-defaults">
			<param name="border"><border>0</border></param>
			<param name="defaultGap"><dimension>5,5</dimension></param>
			<param name="smallGap"><dimension>8,8</dimension></param>
			<param name="mediumGap"><dimension>10,10</dimension></param>
			<param name="largeGap"><dimension>15,15</dimension></param>
			<param name="namedGaps"><map/></param>
		
			<theme name="tabbedpane" ref="base-tabbed-pane">
				<param name="minWidth"><int>200</int></param>				
				<param name="border"><border>0,0,0,0</border></param>
				<theme name="tabbox" ref="tabbox">
					<param name="spacing"><int>2</int></param>
					<param name="alignment"><enum type="alignment">FILL</enum></param>
				</theme>
				<theme name="container" ref="-defaults">
				<param name="background"><image>none</image></param>
				<param name="border"><border>0,0,4,2</border></param>
					<theme name="dialoglayout" ref="-defaults">
						<param name="background"><image>none</image></param>
						<param name="minHeight"><int>100</int></param>
						<param name="border"><border>background.border</border></param>
						<param name="defaultGap"><dimension>5,5</dimension></param>
						<param name="smallGap"><dimension>8,8</dimension></param>
						<param name="mediumGap"><dimension>10,10</dimension></param>
						<param name="largeGap"><dimension>15,15</dimension></param>
						<param name="namedGaps"><map/></param>
						<theme name="scrollpane" ref="scrollpane" allowWildcard="true">
							<theme name="vscrollbar" ref="vscrollbar-white"/>
						</theme>
					</theme>
				</theme>
				<param name="inputMap"><inputMapDef>
					<action name="nextTab">CTRL TAB</action>
					<action name="prevTab">CTRL SHIFT TAB</action>
				</inputMapDef></param>
			</theme>
		</theme>
	</theme>
	
	
	
	<!-- game shop -->
	<theme name="gameshop" ref="base-tabbed-frame">
		<param name="minWidth"><int>880</int></param>
		<param name="minHeight"><int>595</int></param>
		<param name="fadeDurationShow"><int>200</int></param>
		<param name="fadeDurationHide"><int>200</int></param>
		<theme name="sortby" ref="-defaults">
			<param name="font"><font>pb-dark</font></param>
		</theme>
		<theme name="points" ref="-defaults">
			<param name="background"><image>ui-inputbox.background</image></param>
			<param name="font"><font>pb-dark</font></param>
			<param name="border"><border>5</border></param>
		</theme>
		<theme name="dialoglayout" ref="dialoglayout">
			<theme name="tabbedpane" ref="base-tabbed-pane">
				<theme name="tabbox" ref="tabbox">
					<theme name="tabbutton" ref="tabbutton">
						<param name="background"><image>ui-tab-shop.background</image></param>
					</theme>
				</theme>
				<param name="minWidth"><int>250</int></param>
				<param name="background"><image>ui-inner-tab.background</image></param>
				<theme name="container" ref="-defaults">
					<param name="border"><border>35,5,40,5</border></param>
					<theme name="dialoglayout" ref="-defaults">

						<theme name="dialoglayout" ref="-dialog">
							<theme name="tabbedpane" ref="tabbedpane">
								<param name="minWidth"><int>250</int></param>
								<param name="background"><image>none</image></param>
								<param name="border"><border>0,0,0,0</border></param>
								<theme name="tabbox" ref="-defaults">
									<theme name="tabbutton" ref="button">
										<param name="border"><border>20,5</border></param>
									</theme>
									<param name="spacing"><int>3</int></param>
									<param name="alignment"><enum type="alignment">FILL</enum></param>
								</theme>
								<theme name="container" ref="-dialog">
									<param name="border"><border>0,0,0,0</border></param>
									<theme name="scrollpane" ref="scrollpane">
										<param name="minWidth"><int>838</int></param>
									</theme>
									<theme name="sp" ref="scrollpane">
										<theme name="vscrollbar" ref="vscrollbar-white"/>
										<theme name="hscrollbar" ref="hscrollbar"/>
									</theme>
								</theme>
							</theme>
						</theme>
						<param name="border"><border>8,5</border></param>
						<param name="minWidth"><int>838</int></param>
						<param name="maxWidth"><int>838</int></param>
						<param name="defaultGap"><dimension>5,5</dimension></param>
						<param name="smallGap"><dimension>8,8</dimension></param>
						<param name="mediumGap"><dimension>10,10</dimension></param>
						<param name="largeGap"><dimension>15,15</dimension></param>
						<param name="namedGaps"><map/></param>
					</theme>
				</theme>
				<param name="inputMap"><inputMapDef>
					<action name="nextTab">CTRL TAB</action>
					<action name="prevTab">CTRL SHIFT TAB</action>
				</inputMapDef></param>
			</theme>
		</theme>
	</theme>
	
	<theme name="gameshop-item" ref="-defaults" allowWildcard="true">
		<param name="background"><image>ui-popup.background</image></param>
		<param name="border"><border>10,5,10,5</border></param>
		<param name="defaultGap"><dimension>5,5</dimension></param>
		<param name="smallGap"><dimension>8,8</dimension></param>
		<param name="mediumGap"><dimension>10,10</dimension></param>
		<param name="largeGap"><dimension>15,15</dimension></param>
		<param name="minWidth"><int>420</int></param>
		<param name="maxWidth"><int>407</int></param>
		<param name="namedGaps"><map/></param>
		<theme name="label" ref="-defaults">
			<param name="font"><font>pb-dark</font></param>
			<param name="minWidth"><int>310</int></param>
		</theme>
		<theme name="item-name" ref="-defaults">
			<param name="textAlignment"><enum type="alignment">center</enum></param>
			<param name="font"><font>pb-dark</font></param>
			<param name="background"><image>none</image></param>
			<param name="border"><border>3</border></param>
		</theme>
		<theme name="button" ref="button">
			<param name="minWidth"><int>80</int></param>
			<param name="minHeight"><int>30</int></param>
		</theme>
		<theme name="label-special" ref="-defaults">
			<param name="background"><image>none</image></param>
			<param name="minWidth"><int>57</int></param>
			<param name="minHeight"><int>57</int></param>
			<param name="maxWidth"><int>57</int></param>
			<param name="maxHeight"><int>57</int></param>
		</theme>
		<theme name="label-discount" ref="-defaults">
			<param name="font"><font>pb-dark</font></param>
			<param name="textAlignment"><enum type="alignment">center</enum></param>
		</theme>
	</theme>

	<theme name="gameshop-item-addon" ref="gameshop-item" allowWildcard="true">
		<param name="background"><image>ui-popup.background</image></param>
		<param name="border"><border>0</border></param>
		<param name="minWidth"><int>280</int></param>
		<param name="maxWidth"><int>407</int></param>
		<theme name="dialoglayout" ref="dialoglayout">
			<param name="border"><border>10,5,10,5</border></param>
			<param name="defaultGap"><dimension>25,2</dimension></param>	
			<theme name="label" ref="-defaults">
				<param name="minWidth"><int>250</int></param>
				<param name="font"><font>pb-dark</font></param>
				<param name="textAlignment"><enum type="alignment">center</enum></param>
			</theme>
			<theme name="spritelabel" ref="spritelabel">
				<param name="background"><image>ui-inputbox.background</image></param>
			</theme>
			<theme name="item-name" ref="-defaults">
				<param name="minWidth"><int>250</int></param>
				<param name="border"><border>4</border></param>
				<param name="font"><font>pb-dark</font></param>
				<param name="textAlignment"><enum type="alignment">center</enum></param>
			</theme>
			<theme name="label-special" ref="-defaults">
				<param name="background"><image>none</image></param>
				<param name="minWidth"><int>57</int></param>
				<param name="minHeight"><int>57</int></param>
				<param name="maxWidth"><int>57</int></param>
				<param name="maxHeight"><int>57</int></param>
			</theme>
			<theme name="label-discount" ref="-defaults">
				<param name="font"><font>pb-dark</font></param>
				<param name="textAlignment"><enum type="alignment">center</enum></param>
			</theme>
		</theme>
	</theme>
	
	<theme name="gameshop-item-addon-limited" ref="gameshop-item-addon" allowWildcard="true">
		<param name="background"><image>ui-popup.background</image></param>
		<param name="border"><border>0</border></param>
		<theme name="dialoglayout" ref="dialoglayout">
			<param name="border"><border>10,5,10,5</border></param>
			<param name="defaultGap"><dimension>40,2</dimension></param>
			<theme name="limited-time" ref="label">
				<param name="textAlignment"><enum type="alignment">center</enum></param>
			</theme>
			<theme name="label-special" ref="-defaults">
				<param name="border"><border>0,0</border></param>
				<param name="background"><image>shop-item-limited.background</image></param>
				<param name="minWidth"><int>57</int></param>
				<param name="minHeight"><int>57</int></param>
			</theme>
		</theme>
	</theme>
	
	<theme name="gameshop-item-addon-seasonal" ref="gameshop-item-addon-limited" allowWildcard="true">
		<theme name="dialoglayout" ref="dialoglayout">
			<theme name="label-special" ref="-defaults">
				<param name="background"><image>shop-item-seasonal.background</image></param>
			</theme>
		</theme>
	</theme>
	
	<theme name="gameshop-item-addon-sale" ref="gameshop-item-addon-limited" allowWildcard="true">
		<theme name="dialoglayout" ref="dialoglayout">
			<theme name="label-special" ref="-defaults">
				<param name="background"><image>shop-item-sale.background</image></param>
			</theme>
		</theme>
	</theme>
	
	<theme name="gameshop-item-addon-new" ref="gameshop-item-addon-limited" allowWildcard="true">
		<theme name="dialoglayout" ref="dialoglayout">
			<theme name="label-special" ref="-defaults">
				<param name="background"><image>shop-item-new.background</image></param>
			</theme>
		</theme>
	</theme>

	<theme name="gameshop-item-limited" ref="gameshop-item" allowWildcard="true">
		<param name="background"><image>ui-popup.background</image></param>
		<theme name="label-special" ref="-defaults">
			<param name="background"><image>shop-item-limited.background</image></param>
			<param name="minWidth"><int>57</int></param>
			<param name="minHeight"><int>57</int></param>
		</theme>
		<theme name="limited-time" ref="label">
			<param name="textAlignment"><enum type="alignment">center</enum></param>
		</theme>
	</theme>

	<theme name="gameshop-item-seasonal" ref="gameshop-item-limited" allowWildcard="true">
		<theme name="label-special" ref="-defaults">
			<param name="background"><image>shop-item-seasonal.background</image></param>
		</theme>
	</theme>
	
	<theme name="gameshop-item-sale" ref="gameshop-item-limited" allowWildcard="true">
		<theme name="label-special" ref="-defaults">
			<param name="background"><image>shop-item-sale.background</image></param>
		</theme>
	</theme>
	
	<theme name="gameshop-item-new" ref="gameshop-item-limited" allowWildcard="true">
		<theme name="label-special" ref="-defaults">
			<param name="background"><image>shop-item-new.background</image></param>
		</theme>
	</theme>
</themes>
